pg64_display_code,pg64_week_number,canonical_product_code,product_family,weekly_day,mapping_basis
GMW,1,G1M,Gold,MONDAY,CME_OFFICIAL_PLUS_PG64_OBSERVED
GWT,1,G1T,Gold,TUESDAY,CME_OFFICIAL_PLUS_PG64_OBSERVED
GWW,1,G1W,Gold,WEDNESDAY,CME_OFFICIAL_PLUS_PG64_OBSERVED
GWR,1,G1R,Gold,THURSDAY,CME_OFFICIAL_PLUS_PG64_OBSERVED
SMW,1,M1S,Silver,MONDAY,CME_OFFICIAL_PLUS_PG64_OBSERVED
TWS,1,S1T,Silver,TUESDAY,CME_OFFICIAL_PLUS_PG64_OBSERVED
SWW,1,W1S,Silver,WEDNESDAY,CME_OFFICIAL_PLUS_PG64_OBSERVED
RWS,1,R1S,Silver,THURSDAY,CME_OFFICIAL_PLUS_PG64_OBSERVED
HMW,1,H1M,Copper,MONDAY,CME_OFFICIAL_PLUS_PG64_OBSERVED
HWT,1,H1T,Copper,TUESDAY,CME_OFFICIAL_PLUS_PG64_OBSERVED
HWW,1,H1W,Copper,WEDNESDAY,CME_OFFICIAL_PLUS_PG64_OBSERVED
HWR,1,H1R,Copper,THURSDAY,CME_OFFICIAL_PLUS_PG64_OBSERVED
HXE,1,H1E,Copper,FRIDAY,CME_OFFICIAL_PLUS_PG64_OBSERVED
MMG,1,1MG,Micro Gold,MONDAY,CME_OFFICIAL_PLUS_PG64_OBSERVED
WMG,1,1WG,Micro Gold,WEDNESDAY,CME_OFFICIAL_PLUS_PG64_OBSERVED
FMG,1,1FG,Micro Gold,FRIDAY,CME_OFFICIAL_PLUS_PG64_OBSERVED
PLW,1,P1L,Platinum,FRIDAY,CME_OFFICIAL_PLUS_PG64_OBSERVED
PAW,1,PE1,Palladium,FRIDAY,CME_OFFICIAL_PLUS_PG64_OBSERVED
OG1,1,OG1,Gold,FRIDAY,CME_OFFICIAL_PLUS_PG64_OBSERVED
SO1,1,SO1,Silver,FRIDAY,CME_OFFICIAL_PLUS_PG64_OBSERVED
GMW,2,G2M,Gold,MONDAY,CME_OFFICIAL_PLUS_PG64_OBSERVED
GWT,2,G2T,Gold,TUESDAY,CME_OFFICIAL_PLUS_PG64_OBSERVED
GWW,2,G2W,Gold,WEDNESDAY,CME_OFFICIAL_PLUS_PG64_OBSERVED
GWR,2,G2R,Gold,THURSDAY,CME_OFFICIAL_PLUS_PG64_OBSERVED
SMW,2,M2S,Silver,MONDAY,CME_OFFICIAL_PLUS_PG64_OBSERVED
TWS,2,S2T,Silver,TUESDAY,CME_OFFICIAL_PLUS_PG64_OBSERVED
SWW,2,W2S,Silver,WEDNESDAY,CME_OFFICIAL_PLUS_PG64_OBSERVED
RWS,2,R2S,Silver,THURSDAY,CME_OFFICIAL_PLUS_PG64_OBSERVED
HMW,2,H2M,Copper,MONDAY,CME_OFFICIAL_PLUS_PG64_OBSERVED
HWT,2,H2T,Copper,TUESDAY,CME_OFFICIAL_PLUS_PG64_OBSERVED
HWW,2,H2W,Copper,WEDNESDAY,CME_OFFICIAL_PLUS_PG64_OBSERVED
HWR,2,H2R,Copper,THURSDAY,CME_OFFICIAL_PLUS_PG64_OBSERVED
HXE,2,H2E,Copper,FRIDAY,CME_OFFICIAL_PLUS_PG64_OBSERVED
MMG,2,2MG,Micro Gold,MONDAY,CME_OFFICIAL_PLUS_PG64_OBSERVED
WMG,2,2WG,Micro Gold,WEDNESDAY,CME_OFFICIAL_PLUS_PG64_OBSERVED
FMG,2,2FG,Micro Gold,FRIDAY,CME_OFFICIAL_PLUS_PG64_OBSERVED
PLW,2,P2L,Platinum,FRIDAY,CME_OFFICIAL_PLUS_PG64_OBSERVED
PAW,2,PE2,Palladium,FRIDAY,CME_OFFICIAL_PLUS_PG64_OBSERVED
OG2,2,OG2,Gold,FRIDAY,CME_OFFICIAL_PLUS_PG64_OBSERVED
SO2,2,SO2,Silver,FRIDAY,CME_OFFICIAL_PLUS_PG64_OBSERVED
GMW,3,G3M,Gold,MONDAY,CME_OFFICIAL_PLUS_PG64_OBSERVED
GWT,3,G3T,Gold,TUESDAY,CME_OFFICIAL_PLUS_PG64_OBSERVED
GWW,3,G3W,Gold,WEDNESDAY,CME_OFFICIAL_PLUS_PG64_OBSERVED
GWR,3,G3R,Gold,THURSDAY,CME_OFFICIAL_PLUS_PG64_OBSERVED
SMW,3,M3S,Silver,MONDAY,CME_OFFICIAL_PLUS_PG64_OBSERVED
TWS,3,S3T,Silver,TUESDAY,CME_OFFICIAL_PLUS_PG64_OBSERVED
SWW,3,W3S,Silver,WEDNESDAY,CME_OFFICIAL_PLUS_PG64_OBSERVED
RWS,3,R3S,Silver,THURSDAY,CME_OFFICIAL_PLUS_PG64_OBSERVED
HMW,3,H3M,Copper,MONDAY,CME_OFFICIAL_PLUS_PG64_OBSERVED
HWT,3,H3T,Copper,TUESDAY,CME_OFFICIAL_PLUS_PG64_OBSERVED
HWW,3,H3W,Copper,WEDNESDAY,CME_OFFICIAL_PLUS_PG64_OBSERVED
HWR,3,H3R,Copper,THURSDAY,CME_OFFICIAL_PLUS_PG64_OBSERVED
HXE,3,H3E,Copper,FRIDAY,CME_OFFICIAL_PLUS_PG64_OBSERVED
MMG,3,3MG,Micro Gold,MONDAY,CME_OFFICIAL_PLUS_PG64_OBSERVED
WMG,3,3WG,Micro Gold,WEDNESDAY,CME_OFFICIAL_PLUS_PG64_OBSERVED
FMG,3,3FG,Micro Gold,FRIDAY,CME_OFFICIAL_PLUS_PG64_OBSERVED
PLW,3,P3L,Platinum,FRIDAY,CME_OFFICIAL_PLUS_PG64_OBSERVED
PAW,3,PE3,Palladium,FRIDAY,CME_OFFICIAL_PLUS_PG64_OBSERVED
OG3,3,OG3,Gold,FRIDAY,CME_OFFICIAL_PLUS_PG64_OBSERVED
SO3,3,SO3,Silver,FRIDAY,CME_OFFICIAL_PLUS_PG64_OBSERVED
GMW,4,G4M,Gold,MONDAY,CME_OFFICIAL_PLUS_PG64_OBSERVED
GWT,4,G4T,Gold,TUESDAY,CME_OFFICIAL_PLUS_PG64_OBSERVED
GWW,4,G4W,Gold,WEDNESDAY,CME_OFFICIAL_PLUS_PG64_OBSERVED
GWR,4,G4R,Gold,THURSDAY,CME_OFFICIAL_PLUS_PG64_OBSERVED
SMW,4,M4S,Silver,MONDAY,CME_OFFICIAL_PLUS_PG64_OBSERVED
TWS,4,S4T,Silver,TUESDAY,CME_OFFICIAL_PLUS_PG64_OBSERVED
SWW,4,W4S,Silver,WEDNESDAY,CME_OFFICIAL_PLUS_PG64_OBSERVED
RWS,4,R4S,Silver,THURSDAY,CME_OFFICIAL_PLUS_PG64_OBSERVED
HMW,4,H4M,Copper,MONDAY,CME_OFFICIAL_PLUS_PG64_OBSERVED
HWT,4,H4T,Copper,TUESDAY,CME_OFFICIAL_PLUS_PG64_OBSERVED
HWW,4,H4W,Copper,WEDNESDAY,CME_OFFICIAL_PLUS_PG64_OBSERVED
HWR,4,H4R,Copper,THURSDAY,CME_OFFICIAL_PLUS_PG64_OBSERVED
HXE,4,H4E,Copper,FRIDAY,CME_OFFICIAL_PLUS_PG64_OBSERVED
MMG,4,4MG,Micro Gold,MONDAY,CME_OFFICIAL_PLUS_PG64_OBSERVED
WMG,4,4WG,Micro Gold,WEDNESDAY,CME_OFFICIAL_PLUS_PG64_OBSERVED
FMG,4,4FG,Micro Gold,FRIDAY,CME_OFFICIAL_PLUS_PG64_OBSERVED
PLW,4,P4L,Platinum,FRIDAY,CME_OFFICIAL_PLUS_PG64_OBSERVED
PAW,4,PE4,Palladium,FRIDAY,CME_OFFICIAL_PLUS_PG64_OBSERVED
OG4,4,OG4,Gold,FRIDAY,CME_OFFICIAL_PLUS_PG64_OBSERVED
SO4,4,SO4,Silver,FRIDAY,CME_OFFICIAL_PLUS_PG64_OBSERVED
GMW,5,G5M,Gold,MONDAY,CME_OFFICIAL_PLUS_PG64_OBSERVED
GWT,5,G5T,Gold,TUESDAY,CME_OFFICIAL_PLUS_PG64_OBSERVED
GWW,5,G5W,Gold,WEDNESDAY,CME_OFFICIAL_PLUS_PG64_OBSERVED
GWR,5,G5R,Gold,THURSDAY,CME_OFFICIAL_PLUS_PG64_OBSERVED
SMW,5,M5S,Silver,MONDAY,CME_OFFICIAL_PLUS_PG64_OBSERVED
TWS,5,S5T,Silver,TUESDAY,CME_OFFICIAL_PLUS_PG64_OBSERVED
SWW,5,W5S,Silver,WEDNESDAY,CME_OFFICIAL_PLUS_PG64_OBSERVED
RWS,5,R5S,Silver,THURSDAY,CME_OFFICIAL_PLUS_PG64_OBSERVED
HMW,5,H5M,Copper,MONDAY,CME_OFFICIAL_PLUS_PG64_OBSERVED
HWT,5,H5T,Copper,TUESDAY,CME_OFFICIAL_PLUS_PG64_OBSERVED
HWW,5,H5W,Copper,WEDNESDAY,CME_OFFICIAL_PLUS_PG64_OBSERVED
HWR,5,H5R,Copper,THURSDAY,CME_OFFICIAL_PLUS_PG64_OBSERVED
HXE,5,H5E,Copper,FRIDAY,CME_OFFICIAL_PLUS_PG64_OBSERVED
MMG,5,5MG,Micro Gold,MONDAY,CME_OFFICIAL_PLUS_PG64_OBSERVED
WMG,5,5WG,Micro Gold,WEDNESDAY,CME_OFFICIAL_PLUS_PG64_OBSERVED
FMG,5,5FG,Micro Gold,FRIDAY,CME_OFFICIAL_PLUS_PG64_OBSERVED
PLW,5,P5L,Platinum,FRIDAY,CME_OFFICIAL_PLUS_PG64_OBSERVED
PAW,5,PE5,Palladium,FRIDAY,CME_OFFICIAL_PLUS_PG64_OBSERVED
OG5,5,OG5,Gold,FRIDAY,CME_OFFICIAL_PLUS_PG64_OBSERVED
SO5,5,SO5,Silver,FRIDAY,CME_OFFICIAL_PLUS_PG64_OBSERVED
OG,,OG,Gold,,CME_OFFICIAL_PLUS_PG64_OBSERVED
OMG,,OMG,Micro Gold,,CME_OFFICIAL_PLUS_PG64_OBSERVED
SO,,SO,Silver,,CME_OFFICIAL_PLUS_PG64_OBSERVED
HX,,HX,Copper,,CME_OFFICIAL_PLUS_PG64_OBSERVED
CAP,,CAP,Copper,,CME_OFFICIAL_PLUS_PG64_OBSERVED
PO,,PO,Platinum,,CME_OFFICIAL_PLUS_PG64_OBSERVED
PAO,,PAO,Palladium,,CME_OFFICIAL_PLUS_PG64_OBSERVED
AX,,AX,Aluminum,,CME_OFFICIAL_PLUS_PG64_OBSERVED
ALO,,ALO,Aluminum,,CME_OFFICIAL_PLUS_PG64_OBSERVED
COO,,COO,Cobalt,,CME_OFFICIAL_PLUS_PG64_OBSERVED
LHO,,LHO,Lithium Hydroxide,,CME_OFFICIAL_PLUS_PG64_OBSERVED
LCO,,LCO,Lithium Carbonate,,CME_OFFICIAL_PLUS_PG64_OBSERVED
ICT,,ICT,Iron Ore,,CME_OFFICIAL_PLUS_PG64_OBSERVED
HRO,,HRO,Hot-Rolled Coil Steel,,CME_OFFICIAL_PLUS_PG64_OBSERVED
EHO,,EHO,Hot-Rolled Coil Steel,,CME_OFFICIAL_PLUS_PG64_OBSERVED
FSO,,FSO,Ferrous Scrap,,CME_OFFICIAL_PLUS_PG64_OBSERVED
CHX,,CHX,Ferrous Scrap,,CME_OFFICIAL_PLUS_PG64_OBSERVED
